{"cameraMode":{"drawMode":0,"name":"Shaded","section":"Shading Mode"},"sceneLighting":true,"audioPlay":false,"sceneViewState":{"m_AlwaysRefresh":false,"showFog":true,"showSkybox":true,"showFlares":true,"showImageEffects":true,"showParticleSystems":true,"showVisualEffectGraphs":true,"m_FxEnabled":true},"in2DMode":false,"pivot":{"x":0.06301750242710114,"y":0.4583868384361267,"z":-6.489055633544922},"rotation":{"x":-0.06524825096130371,"y":-0.11083279550075531,"z":-0.007284974679350853,"w":0.991682767868042},"size":1.064834475517273,"orthographic":true}